purchase_key,customer_key,product_key,amount,price,purchase_dt
P3278364685,C-163620150,P-5281-1131,2,37431.56,2024-02-08 16:07:38
P2715762915,C-329645832,P-0771-0313,3,47740.89,2024-02-27 14:31:16
P4100843585,C-888552971,P-8861-2170,6,3433.71,2024-02-01 18:04:31
P7793773629,C-587200115,P-8369-5096,8,40730.1,2024-02-24 02:07:55
P9063346775,C-774874085,P-7100-7786,3,24079.46,2024-02-21 16:20:41
P3338207741,C-186310217,P-4946-1082,9,19822.96,2024-02-21 22:59:49
P8362777807,C-294334819,P-4101-5573,10,15627.18,2024-02-23 10:21:19
P1043904308,C-162138026,P-5759-0543,10,38300.75,2024-02-26 08:35:47
P4589004541,C-605673292,P-0105-9930,1,29823.88,2024-02-25 21:24:19
P9150061415,C-508882773,P-5730-1387,4,8218.54,2024-02-07 00:31:01
P6099697611,C-430001652,P-5847-4160,6,11145.27,2024-02-16 12:48:56
P5687808005,C-857961151,P-1554-0541,4,44986.1,2024-02-27 18:07:06
P2966821167,C-751345186,P-9597-8131,7,178.47,2024-01-30 12:12:00
P7111301669,C-506706814,P-4538-3873,3,16725.26,2024-02-04 11:40:34
P5116830025,C-586703117,P-7184-0585,1,36389.44,2024-02-10 01:53:10
P0272267564,C-393078753,P-1086-0045,1,38285.97,2024-02-24 13:02:57
P3569798628,C-969696077,P-8476-7818,9,7337.63,2024-02-12 18:42:49
P2097194065,C-547795715,P-0817-1274,8,12674.92,2024-02-08 00:27:07
P1468816351,C-670094033,P-4593-4039,4,18619.06,2024-02-16 15:11:04
P1468811346,C-837707626,P-8175-0132,2,40959.49,2024-02-10 16:16:27
P2594416734,C-987314832,P-3201-4429,7,46577.89,2024-02-17 21:41:55
P9534751743,C-501809413,P-7210-9467,1,44002.72,2024-02-17 07:44:05
P9136953046,C-798517152,P-8302-4680,4,8991.29,2024-02-01 09:39:33
P8599535955,C-841705089,P-1378-0891,10,30756.86,2024-02-09 18:01:03
P2934872513,C-526881971,P-3868-3112,7,27477.32,2024-02-17 16:15:20
P0114653864,C-326125844,P-6565-3279,3,3067.76,2024-01-29 03:45:42
P8096746401,C-483988862,P-0274-3501,1,14908.35,2024-02-03 07:52:57
P3540468270,C-505806929,P-6695-9744,9,22222.31,2024-02-05 18:59:36
P4972965474,C-747148567,P-8403-9610,6,31602.01,2024-02-06 18:39:04
P4925257482,C-656407435,P-2664-9128,7,32355.09,2024-02-01 05:42:49
P1434304514,C-604179973,P-3141-0582,10,43920.17,2024-02-04 15:57:21
P8854936181,C-550692318,P-8259-2723,2,23986.28,2024-02-08 18:37:19
P8670621122,C-670685901,P-4430-6787,9,41327.68,2024-02-10 09:43:45
P7472577284,C-815261556,P-4032-7787,1,6335.08,2024-02-15 12:05:04
P4363414053,C-706064037,P-1269-7808,3,6652.24,2024-02-14 04:19:11
P1936182346,C-288877965,P-1801-0860,2,47219.35,2024-02-05 10:51:30
P1795727032,C-308463737,P-8305-3767,2,41406.8,2024-02-19 11:13:58
P7453338469,C-024985088,P-2037-1731,6,41838.93,2024-02-01 16:56:52
P7424794933,C-646719035,P-9857-7538,8,32158.03,2024-02-26 04:54:07
P6918073969,C-889942475,P-1070-6658,7,12763.25,2024-02-17 07:35:34
P5076129714,C-728430986,P-9666-3728,1,36744.31,2024-02-04 22:20:28
P0052279108,C-546411088,P-7248-4453,5,31385.02,2024-02-11 16:24:41
P0193062644,C-880977749,P-7501-9969,1,40953.72,2024-01-29 13:05:33
P8643209511,C-514607153,P-3592-3167,8,38302.7,2024-02-02 14:53:15
P1855420049,C-541904051,P-2847-6775,2,3950.6,2024-02-07 03:14:29
P9988288620,C-134514970,P-3072-0746,3,6269.19,2024-02-20 13:09:41
P9002877139,C-143650907,P-3261-0663,1,6830.97,2024-02-01 19:40:14
P2606838592,C-029339031,P-7054-8290,1,15902.25,2024-02-09 11:36:28
P7584125388,C-407027779,P-5773-8160,2,40407.69,2024-02-19 02:59:45
P7046592762,C-213080891,P-4328-0227,7,5104.82,2024-01-31 01:54:47
P6330762298,C-926717077,P-4715-3283,8,25720.77,2024-02-20 21:01:51
P7477350556,C-955524426,P-8143-1554,1,16389.53,2024-02-13 06:30:39
P8565628437,C-431429654,P-5342-1032,1,4182.33,2024-02-17 11:52:35
P8223072235,C-272078408,P-8673-5450,10,25077.97,2024-02-10 23:05:36
P5959988998,C-371650786,P-1045-4812,6,27706.29,2024-01-28 07:06:52
P8924462357,C-947599483,P-2203-1513,6,49618.77,2024-02-03 21:25:50
P8389545743,C-349048826,P-1758-7178,10,18662.22,2024-02-20 03:03:27
P4882961507,C-127411489,P-0197-9938,3,37760.32,2024-02-13 00:48:25
P6576049966,C-136895387,P-2655-6447,3,42141.37,2024-02-03 21:28:53
P7516658194,C-035015230,P-7498-3646,8,21921.45,2024-02-03 15:35:44
P2940426988,C-439029718,P-0103-8807,10,1079.72,2024-02-19 17:32:19
P5075722638,C-125129031,P-6741-2095,6,18466.37,2024-02-24 05:53:41
P0849694391,C-097852850,P-1317-1492,8,16402.62,2024-02-22 20:05:24
P2959895270,C-545357461,P-5395-6885,5,46499.16,2024-02-21 16:06:00
P2763948224,C-831487994,P-3747-6287,2,148.74,2024-02-05 16:06:57
P7288890596,C-595000649,P-4608-6334,3,31511.68,2024-02-04 03:12:33
P8280695334,C-526093803,P-3633-2253,6,29563.38,2024-02-17 20:33:13
P9733112914,C-551861549,P-0070-5856,7,7294.65,2024-02-21 22:20:30
P6762356528,C-233387119,P-3554-2401,6,45069.54,2024-02-10 17:42:36
P4509035827,C-189818697,P-3237-1414,4,21721.48,2024-02-23 05:35:26
P2486146910,C-757733705,P-5477-5994,4,25334.61,2024-02-19 08:56:13
P5404069685,C-007597600,P-7777-5844,8,3601.28,2024-02-24 06:50:01
P7601461313,C-739925846,P-2120-5291,4,39236.68,2024-02-16 07:18:10
P3574519418,C-255004551,P-2343-1371,9,30530.33,2024-02-14 02:50:48
P9612275735,C-078929184,P-9637-9828,4,48700.88,2024-02-15 06:07:19
P6826392275,C-104499146,P-5348-8680,1,9040.47,2024-02-17 12:21:47
P7885657866,C-347303417,P-3950-2567,9,7281.74,2024-02-24 07:12:44
P9965137343,C-570230611,P-9692-7563,2,20705.94,2024-02-14 20:25:27
P4605777237,C-998882440,P-1428-5250,9,45097.56,2024-02-22 10:54:15
P1432914105,C-162229461,P-1181-6875,2,25544.77,2024-02-24 05:40:43
P3258362442,C-990091901,P-9107-0643,1,40934.36,2024-02-17 20:06:35
P8556802505,C-556338910,P-0194-9445,8,42633.16,2024-02-20 19:52:07
P3678003492,C-076652965,P-1793-1588,6,47489.21,2024-02-23 19:10:47
P8183921705,C-967076214,P-8417-1805,10,13252.41,2024-02-22 18:49:28
P1534550677,C-930501916,P-9702-7796,10,25321.32,2024-02-17 21:56:08
P2812307975,C-112949027,P-1266-2219,8,42414.56,2024-02-11 20:19:16
P6899573177,C-486650266,P-2637-5672,1,14520.87,2024-02-06 20:20:15
P4662949608,C-817769464,P-6271-2731,7,16761.02,2024-02-13 23:00:58
P6904912331,C-689719946,P-3959-2643,5,9982.5,2024-02-20 05:00:21
P2253427151,C-694096607,P-9596-2283,6,33489.43,2024-01-31 14:29:05
P1982441071,C-931283905,P-6447-6371,5,39331.25,2024-02-03 16:52:42
P2297107862,C-390089459,P-8722-0873,8,188.19,2024-02-08 12:51:29
P7537676839,C-205907974,P-8060-3714,1,12886.12,2024-01-30 08:49:42
P9993319991,C-991981602,P-0184-9807,7,20102.75,2024-02-06 13:07:24
P4600336832,C-364145995,P-1830-6586,8,30125.48,2024-02-08 02:24:44
P4868620134,C-782231551,P-5419-4972,9,49672.51,2024-02-02 19:07:46
P9617950760,C-043099691,P-1644-2030,9,36041.39,2024-02-21 17:10:59
P6485800029,C-146421544,P-6136-5820,10,2838.27,2024-02-24 20:20:28
P0722491852,C-539440612,P-4205-3881,1,39053.72,2024-02-21 10:53:16
P0697035868,C-951377704,P-5859-9586,9,48780.86,2024-02-28 17:30:49
P1567483462,C-030745110,P-4531-0563,6,5647.36,2024-02-04 10:04:00
P3044596986,C-797631233,P-9162-0852,7,4230.93,2024-02-13 04:33:08
P5736129925,C-698977375,P-1726-2892,4,36663.35,2024-02-28 05:12:05
P3295097255,C-694284003,P-5308-8078,5,28798.55,2024-02-27 09:22:25
P6984055534,C-678225919,P-6239-1836,10,16115.69,2024-01-31 21:49:06
P8704833758,C-694513822,P-1656-2791,10,9107.88,2024-02-27 18:06:30
P8426840739,C-466034537,P-0977-0742,4,16332.01,2024-02-26 03:54:23
P7225703724,C-851158048,P-1047-8696,2,13757.43,2024-01-30 23:47:54
P6829777532,C-083082594,P-8584-5108,6,25170.31,2024-02-04 05:23:58
P9205207614,C-569286500,P-8779-6849,8,32798.17,2024-02-12 20:33:31
P2069411560,C-664710692,P-0831-4095,8,32295.48,2024-02-28 19:26:49
P5968856259,C-195623332,P-9166-1838,4,5735.6,2024-02-18 04:53:57
P1694062564,C-688936381,P-7236-3373,4,3640.08,2024-02-28 02:30:09
P8078931740,C-588855741,P-2413-7993,9,10081.1,2024-02-23 06:55:57
P6390472067,C-998680894,P-6839-2102,9,13847.56,2024-02-18 19:48:14
P3561260455,C-057098221,P-8731-6934,3,9517.48,2024-02-21 10:57:50
P0714185175,C-720079911,P-0479-3204,1,32904.58,2024-02-25 11:20:40
P2354408098,C-294631537,P-5806-0897,7,42115.88,2024-02-09 21:26:25
P6601942232,C-334845621,P-4211-8961,6,10274.84,2024-02-18 11:16:42
P5254068777,C-023326352,P-9919-6255,8,1479.21,2024-02-26 05:33:55
P6177086488,C-013839930,P-3224-4900,7,43072.48,2024-02-09 19:23:02
P9001698466,C-861882985,P-8723-6671,4,18389.22,2024-02-07 17:51:03
P2473269093,C-191871395,P-0033-1435,9,44676.38,2024-02-25 05:32:54
P5778974598,C-609591787,P-5345-4742,7,29948.37,2024-02-23 10:43:39
P1061082561,C-834327675,P-2761-3972,10,39678.27,2024-02-15 18:17:35
P2841548828,C-916507278,P-0722-1703,5,21521.27,2024-02-18 18:57:37
P4672739754,C-037402303,P-8243-1669,4,48202.56,2024-02-05 14:08:05
P1690993588,C-222129286,P-9395-0806,10,48764.24,2024-01-30 02:39:41
P2912241037,C-483585288,P-0749-6374,9,41140.96,2024-02-13 02:43:06
P2669265173,C-763477426,P-0214-5429,2,14689.63,2024-02-20 21:46:30
P9199129714,C-966465464,P-0690-1521,7,2388.11,2024-01-30 09:31:55
P7188638999,C-884110538,P-4824-7036,10,22321.13,2024-02-11 23:19:26
P3320925561,C-978721870,P-8857-3935,5,1875.0,2024-02-01 02:01:25
P0017991785,C-997292476,P-0549-7023,1,44652.74,2024-02-27 08:10:43
P7363986023,C-876281263,P-4366-1063,8,47405.59,2024-02-05 23:39:41
P7418218370,C-809694681,P-2294-6999,8,48161.59,2024-02-12 08:28:59
P6002781978,C-928004396,P-4980-2159,8,12617.73,2024-02-18 23:48:14
P8790576327,C-825433233,P-4243-0228,9,9543.05,2024-02-17 03:20:39
P7737785855,C-153379534,P-1568-0731,4,30466.25,2024-02-07 12:50:08
P6772677423,C-471506626,P-8397-6271,6,22893.34,2024-02-21 03:33:20
P1321798041,C-435209894,P-7334-8561,5,38124.67,2024-02-06 12:43:06
P5144283078,C-458253705,P-7842-4258,9,22173.66,2024-02-24 21:51:06
P1645130878,C-472495001,P-7337-7211,6,36112.31,2024-02-16 00:54:47
P0576870123,C-899305522,P-9222-0249,6,41428.98,2024-02-19 00:33:16
P8642382284,C-679974095,P-7854-1118,5,47646.73,2024-02-20 12:36:12
P2239063086,C-079995739,P-4873-3309,10,13299.14,2024-02-07 22:12:14
P4667941282,C-750494452,P-8257-5058,8,1474.62,2024-02-05 08:47:21
P7865772767,C-959111256,P-5346-6312,5,36102.29,2024-02-06 08:03:00
P2170158301,C-843399240,P-5703-7076,10,29195.99,2024-02-13 19:18:27
P4191234546,C-916357787,P-0785-5400,1,41611.71,2024-02-26 13:43:59
P7813598634,C-480397644,P-1620-2162,4,191.51,2024-02-05 02:32:54
P5358304852,C-094910082,P-9756-5248,5,14285.65,2024-02-24 10:05:42
P2873457070,C-396621345,P-0090-4513,8,5111.03,2024-02-05 05:01:27
P4163844376,C-109567375,P-5828-0162,3,21823.06,2024-02-03 16:34:58
P1880994159,C-970878350,P-6711-0473,3,242.73,2024-02-03 21:36:16
P6775675593,C-691385812,P-1823-7071,1,26630.05,2024-02-16 23:16:35
P2334557484,C-005428802,P-3187-4402,6,5814.57,2024-02-16 23:51:33
P2808636487,C-920074238,P-2280-2879,9,32429.94,2024-02-19 02:08:08
P6730914753,C-363744824,P-4352-4886,3,36678.71,2024-01-28 11:25:20
P6410970362,C-837958690,P-4871-5424,9,40871.06,2024-02-06 10:56:13
P4630857157,C-101607380,P-6557-2778,10,23847.82,2024-02-22 20:28:22
P2514889997,C-630628692,P-5676-6590,8,12910.83,2024-02-03 16:45:59
P3307330054,C-561370809,P-2946-8802,10,12664.48,2024-02-18 02:58:33
P5011189731,C-256716324,P-4209-9591,9,4833.75,2024-01-31 00:32:14
P1947783789,C-175453425,P-7322-5514,8,12110.28,2024-02-07 01:15:12
P9963379483,C-963363776,P-7432-1008,5,37183.19,2024-01-29 16:28:32
P8908560362,C-786122488,P-1755-5551,2,37642.19,2024-02-18 02:16:45
P9790428722,C-335768938,P-1631-6331,1,14574.56,2024-02-22 01:08:47
P4603233991,C-269504168,P-3149-9389,4,8562.03,2024-02-08 15:25:10
P1765722679,C-023551182,P-8055-5665,3,9111.89,2024-02-19 15:38:57
P9554808255,C-811348382,P-0356-7037,3,37739.05,2024-01-30 18:31:42
P1624042459,C-495916368,P-9675-8171,3,37099.98,2024-02-18 01:45:54
P2338210890,C-565009801,P-0669-4815,9,22066.68,2024-02-02 21:14:21
P3227311519,C-565374164,P-6031-6430,9,12812.23,2024-02-24 08:01:37
P2431254991,C-012955187,P-4566-2887,2,45183.33,2024-02-14 00:54:39
P9604163013,C-560202252,P-0225-7753,1,23496.36,2024-02-22 04:24:25
P3807996364,C-308793157,P-4986-2715,1,41271.58,2024-02-06 16:34:00
P1791329010,C-048034732,P-5699-3291,7,28899.25,2024-02-10 22:48:43
P9953985494,C-265886889,P-7634-3849,2,45400.54,2024-01-31 15:11:32
P8233265509,C-056258131,P-8687-0384,6,49776.81,2024-02-17 04:18:37
P4244611615,C-921453116,P-4836-1760,4,3150.75,2024-02-24 20:24:30
P1656229059,C-509686994,P-7079-6093,10,2762.18,2024-02-07 14:43:58
P1365241815,C-578186130,P-9074-4249,6,45450.13,2024-02-07 05:16:19
P2163095325,C-770902973,P-1930-9153,4,46642.19,2024-02-22 12:33:12
P5255902441,C-307850422,P-8398-6371,1,27578.65,2024-02-20 18:41:30
P6650590575,C-479366952,P-1503-4629,10,16351.73,2024-02-27 10:12:25
P3220968236,C-588021846,P-9444-0774,5,31895.21,2024-02-14 00:12:42
P3985105791,C-756270683,P-3345-9242,7,8612.12,2024-02-10 08:30:40
P5798802189,C-294334766,P-7825-0754,6,37693.41,2024-02-05 20:19:06
P0117273839,C-041657296,P-1171-2327,8,39702.68,2024-02-28 21:14:09
P5295252167,C-308708131,P-7892-8121,2,30999.9,2024-02-06 15:12:46
P1303217591,C-360880975,P-0825-7138,2,35373.59,2024-02-03 01:09:08
P5157577546,C-323835629,P-1094-1153,5,14005.23,2024-02-23 09:08:49
P5376324023,C-113234967,P-1239-7124,1,38372.13,2024-02-18 16:44:11
P9200050753,C-314000045,P-5259-1118,4,503.0,2024-02-14 04:39:28
P8125986687,C-427963916,P-8590-1919,9,39988.86,2024-02-27 01:15:39
P6507021236,C-937640518,P-1684-9755,10,49805.28,2024-02-09 10:11:18
P8909477902,C-878826780,P-9458-7434,4,5440.02,2024-01-28 23:31:54
P1607020186,C-550995868,P-2992-0552,9,12083.32,2024-02-04 23:19:53
P3990031048,C-487861140,P-2026-0317,10,7116.17,2024-01-31 03:31:45
P9216666253,C-361518773,P-9039-6042,10,5534.37,2024-02-01 18:56:32
P4738099763,C-260435893,P-1627-8051,8,31885.49,2024-02-12 15:10:46
P9533674855,C-357768996,P-2464-0119,7,19829.17,2024-02-01 14:55:10
P7081953585,C-079421956,P-9240-1736,8,6582.55,2024-02-08 09:03:40
P8415384338,C-820335160,P-4473-8074,5,18137.18,2024-02-02 13:30:18
P4433766103,C-641186802,P-0286-5759,5,42829.69,2024-02-04 03:38:51
P2287975332,C-081162363,P-7631-3023,10,682.78,2024-02-19 21:55:22
P7538209876,C-854390742,P-7721-5536,7,2640.41,2024-02-05 21:51:38
P1798741020,C-814471512,P-3839-7113,3,49139.18,2024-02-01 00:20:03
P9872310125,C-350715312,P-8660-8724,5,21616.35,2024-02-07 18:31:18
P0645606020,C-613857010,P-9732-7513,2,19357.53,2024-01-29 13:00:41
P6211226775,C-697021213,P-9829-7423,7,907.54,2024-02-26 09:13:54
P0640398568,C-371248523,P-9188-0462,10,19189.96,2024-02-15 18:37:35
P1078153664,C-521155933,P-9809-5533,3,5820.12,2024-02-14 03:21:30
P8073662273,C-320527740,P-9635-3794,8,23597.36,2024-02-23 22:33:14
P0736813003,C-326966020,P-3323-8415,4,24730.1,2024-01-31 03:49:19
P8575439336,C-551579866,P-4014-3539,8,30428.76,2024-02-21 06:48:13
P5620709386,C-220288314,P-7238-1587,10,45275.68,2024-01-31 23:14:24
P2872214886,C-481964529,P-2302-9735,9,11270.84,2024-02-04 23:50:34
P5591208788,C-008683990,P-6833-4843,8,38841.25,2024-01-31 01:57:45
P0423798543,C-757666988,P-0479-4956,2,40807.69,2024-02-18 18:44:53
P3369822442,C-906372974,P-6553-5926,3,4915.52,2024-02-15 22:32:08
P6182749422,C-918806252,P-0860-6691,8,37980.92,2024-02-07 17:26:30
P0417754865,C-238230842,P-3445-5366,4,19777.71,2024-02-27 14:11:21
P2368850653,C-544997791,P-8738-3971,4,3664.15,2024-02-15 21:29:31
P3113336136,C-576918200,P-2604-8168,10,11715.88,2024-01-29 03:15:47
P9890477344,C-114312573,P-6411-8868,3,42997.64,2024-02-07 07:42:13
P7001727457,C-535155912,P-3217-5164,10,15913.53,2024-02-02 14:26:44
P2602915277,C-988871984,P-8965-2162,1,22764.81,2024-02-17 05:01:16
P6397427283,C-520317499,P-9282-6598,2,46343.36,2024-02-27 01:02:55
P9175717917,C-894764261,P-6681-0642,5,28287.81,2024-02-20 22:40:59
P2440607746,C-263105329,P-6707-0325,9,6913.42,2024-02-15 07:07:10
P2120587629,C-293843343,P-0712-4755,4,44497.24,2024-02-17 19:00:07
P8200604046,C-423495675,P-9323-9140,3,18224.11,2024-02-07 11:57:09
P0415278323,C-800759833,P-5548-7548,3,29425.55,2024-02-24 17:49:07
P3009419326,C-184460867,P-6509-4148,6,14647.96,2024-02-06 19:29:01
P7152942374,C-487444963,P-1173-8759,5,30437.52,2024-01-28 22:37:17
P1332139129,C-145657354,P-5576-1828,9,33735.97,2024-01-29 04:47:01
P7918422391,C-309412206,P-3242-1674,1,30120.52,2024-02-04 13:21:47
P3770338626,C-617638504,P-3351-9055,10,21230.15,2024-02-03 10:26:53
P7576383369,C-028184383,P-0533-0376,9,20242.06,2024-02-26 21:34:39
P1291650091,C-348288004,P-5049-9480,1,19191.04,2024-01-30 15:58:42
P1354725409,C-502391141,P-3600-2152,6,48388.84,2024-02-10 01:48:25
P9314481304,C-968746188,P-2511-0605,5,40115.58,2024-02-08 12:26:19
P3352220237,C-025621790,P-2426-7284,10,7090.05,2024-02-20 07:06:05
P3712249105,C-627938336,P-3850-6408,5,31479.98,2024-02-24 01:26:34
P8295367772,C-111196451,P-8784-1138,9,33360.25,2024-02-08 20:48:27
P6763691272,C-404372010,P-0221-6254,9,8053.19,2024-02-23 13:20:56
P8342878860,C-320639326,P-9593-2120,7,38345.8,2024-02-07 02:35:10
P9268372228,C-481876260,P-4554-5235,10,48850.78,2024-02-28 12:13:59
P6988782681,C-250684615,P-9649-2771,1,6747.31,2024-02-05 23:48:34
P3857616298,C-473345711,P-1440-2956,6,25366.7,2024-02-11 08:00:13
P9071844885,C-478158878,P-3872-7337,3,922.43,2024-02-08 06:16:42
P7738639439,C-115772376,P-6320-6042,2,41217.82,2024-02-06 13:05:12
P2763494205,C-050362802,P-6166-6460,2,3470.43,2024-02-05 08:14:12
P7837660790,C-303090181,P-9665-9448,7,25813.0,2024-02-13 09:12:46
P0875891252,C-781647886,P-0003-9691,6,17257.29,2024-02-03 18:24:10
P5777589161,C-700877299,P-4114-6603,8,17043.65,2024-01-28 05:15:47
P6434249086,C-399078223,P-4830-5755,2,17404.81,2024-02-11 17:21:30
P7303185455,C-078350574,P-7154-9436,7,20351.64,2024-02-07 09:23:04
P4346648895,C-449982039,P-0892-6202,10,26421.86,2024-01-28 10:01:49
P8936791544,C-250208135,P-3873-9608,7,33804.83,2024-02-10 16:52:52
P9368746015,C-913609512,P-7881-1302,8,33771.69,2024-02-14 16:45:21
P2211865492,C-169881710,P-0708-4326,9,14183.95,2024-02-26 05:24:13
P1350930525,C-242137158,P-7957-0837,3,45362.9,2024-02-20 03:11:33
P7675602683,C-954930257,P-5952-0104,10,27488.9,2024-02-18 17:57:35
P2911035699,C-921694044,P-4320-7095,5,39995.68,2024-02-17 20:39:30
P0105007243,C-170326688,P-9954-0850,6,3490.56,2024-02-16 22:31:02
P2305100329,C-159819470,P-9312-6643,5,9769.13,2024-01-30 12:48:35
P4164823506,C-225808322,P-7493-8427,1,15177.82,2024-02-10 01:06:30
P3128797986,C-392127426,P-8063-5378,7,41188.53,2024-02-18 14:23:21
P5296131694,C-790888085,P-8593-4047,2,2667.85,2024-02-12 09:34:24
P3793305636,C-341017525,P-9114-8668,3,21202.39,2024-02-22 03:29:25
P9282454952,C-623978042,P-7370-3528,6,12627.08,2024-02-20 04:19:59
P0011913688,C-239906737,P-0444-8488,5,24265.15,2024-02-27 17:51:07
P8345706840,C-600763160,P-6249-5532,8,49241.45,2024-02-27 13:16:43
P4812492832,C-605289277,P-3959-2195,9,35296.59,2024-02-07 11:38:25
P0816870467,C-427920326,P-2023-4698,2,45661.82,2024-02-06 01:11:52
P8687462359,C-472782018,P-0475-7584,8,30545.99,2024-02-12 09:48:35
P8379799866,C-091860386,P-4284-3289,10,46499.73,2024-02-28 00:26:37
P2725245600,C-190536125,P-7993-0064,6,43088.98,2024-02-04 21:13:06
P2298928845,C-587434966,P-7455-7866,2,9008.36,2024-02-07 16:19:41
P9867505426,C-407071016,P-9815-1311,9,32616.97,2024-02-02 04:08:04
P5516049713,C-472616241,P-8944-0990,4,39504.35,2024-01-28 08:11:25
P1986876935,C-439431776,P-9114-0838,1,28755.74,2024-01-30 08:12:29
P5196636576,C-710000657,P-2702-0423,7,14214.91,2024-02-21 05:28:13
P1376074997,C-975567756,P-2403-2497,3,14759.44,2024-02-15 06:41:00
P2142163266,C-480905092,P-3014-3165,9,41260.67,2024-02-17 10:53:00
P9815230065,C-912731459,P-2640-4073,5,34068.99,2024-02-03 05:19:53
P6087873436,C-933867819,P-1738-4879,1,42632.61,2024-02-13 10:25:40
P1488964193,C-084303147,P-3131-9641,3,45729.48,2024-02-28 12:45:07
P0591326031,C-292483882,P-7962-2311,4,18010.01,2024-02-03 22:07:56
P4752257864,C-718018699,P-0430-3334,2,19691.31,2024-02-21 06:09:03
P0062599447,C-390391854,P-2457-3439,3,45869.36,2024-02-06 12:34:59
P3342454220,C-214390973,P-1731-2862,2,20590.43,2024-01-31 14:30:00
P8564658456,C-086129953,P-1161-5521,9,6658.07,2024-01-28 11:24:39
P1982006143,C-071624977,P-0023-5612,1,26654.71,2024-01-28 23:23:08
P1259112192,C-546470829,P-8446-9657,6,42921.86,2024-02-14 15:06:38
P5831318893,C-168649316,P-9524-6629,4,45898.45,2024-02-16 00:28:03
P8492470045,C-908736767,P-1965-9547,1,22436.68,2024-02-20 21:00:22
P1811859793,C-586472885,P-4010-4777,8,29980.38,2024-02-23 23:33:04
P3551853707,C-086871874,P-6640-7587,7,16397.6,2024-02-23 13:29:31
P1739174021,C-710433759,P-7304-9458,8,19167.97,2024-02-21 15:37:52
P3111418166,C-236443978,P-9971-1512,7,11248.01,2024-02-12 06:16:52
P8338511206,C-163387080,P-7587-1752,8,23191.49,2024-02-15 12:44:36
P7997203974,C-583308593,P-5147-8384,4,40971.09,2024-02-01 06:25:04
P2037617100,C-073829942,P-7085-6540,10,14716.23,2024-01-28 22:52:16
P3237030157,C-152608728,P-4194-8776,6,40359.28,2024-02-27 17:53:26
P8453840677,C-402415870,P-2990-2165,3,28531.42,2024-02-02 07:32:37
P2765259364,C-476588699,P-2686-0643,9,6052.53,2024-02-15 12:34:58
P5501992687,C-700416427,P-6697-3797,2,41545.94,2024-02-13 13:15:57
P7838043783,C-274491093,P-4687-5371,1,34235.15,2024-02-07 11:34:56
P0424308226,C-086404564,P-5393-5004,9,18380.63,2024-01-28 12:50:06
P3755187218,C-528151519,P-6068-1475,10,5817.53,2024-02-19 10:30:38
P6992913185,C-359464080,P-1740-1227,5,24402.94,2024-02-13 10:30:39
P9713404746,C-439374795,P-5661-8073,9,34147.73,2024-01-30 04:46:28
P5690169318,C-871344002,P-9843-2757,3,21446.03,2024-02-26 01:41:09
P3617324975,C-814839751,P-7998-7226,4,30698.66,2024-02-10 16:06:46
P3880823585,C-930421042,P-1325-4196,1,21630.38,2024-02-22 18:17:39
P1647190546,C-738837540,P-2008-3761,3,18997.75,2024-02-16 18:52:52
P2821231861,C-308436436,P-1674-6905,3,9429.71,2024-02-13 18:33:37
P2199278241,C-711135533,P-5791-7501,5,26590.73,2024-02-06 09:44:03
P4660733723,C-869530494,P-0238-7188,2,11607.18,2024-01-29 15:29:50
P1857697970,C-827469883,P-2724-0993,3,27558.03,2024-02-01 20:44:57
P7195540803,C-151166833,P-4193-3483,1,21132.46,2024-02-26 01:56:41
P7128932765,C-933104169,P-7325-1721,5,40606.6,2024-02-18 00:25:17
P9025270630,C-742362392,P-3499-9002,10,27420.44,2024-02-06 00:43:41
P8828279257,C-248862572,P-3055-2903,9,17795.44,2024-02-02 22:50:59
P4940072612,C-843542742,P-4891-9678,5,9238.65,2024-02-24 17:26:34
P9618875395,C-162152226,P-5096-0291,6,45718.88,2024-02-12 00:30:49
P4257375778,C-404007142,P-1138-6653,2,25635.48,2024-02-04 18:35:11
P8131489307,C-336574182,P-6601-9515,3,44346.47,2024-02-24 18:52:32
P2606097110,C-630722051,P-2266-3226,5,30762.58,2024-02-10 01:43:22
P5726347217,C-466672879,P-9767-8849,8,9454.29,2024-02-05 14:35:12
P9598800314,C-933392651,P-3826-4752,5,36297.78,2024-02-20 00:12:56
P0171535613,C-592089802,P-4954-1182,4,42106.24,2024-01-31 05:00:41
P8493304497,C-669811772,P-7001-0262,8,41530.32,2024-02-14 12:36:27
P7751789572,C-688310591,P-0513-2977,3,27546.46,2024-02-02 21:31:54
P1344051125,C-842666079,P-0536-1723,7,16277.36,2024-02-21 09:07:54
P7887185925,C-553940609,P-2271-1284,2,14672.61,2024-02-05 20:23:04
P1420494238,C-628605239,P-0914-7005,10,16465.13,2024-02-18 00:35:10
P8024949958,C-343629494,P-5915-8604,3,5546.18,2024-02-23 18:48:15
P1228398805,C-068106760,P-9947-6498,4,39850.12,2024-02-15 07:55:28
P3476984762,C-738249213,P-9109-8857,6,23520.07,2024-02-06 20:44:54
P8338433715,C-709413186,P-9772-4769,6,7281.23,2024-02-20 22:03:17
P1632416240,C-445696154,P-5343-8007,10,46739.2,2024-01-31 16:53:52
P9662082604,C-537727636,P-1335-7879,2,47807.81,2024-02-08 05:51:40
P6972752824,C-285293847,P-3186-2486,2,45167.89,2024-02-15 12:38:30
P4417524101,C-088472561,P-8590-0613,6,23629.86,2024-02-24 00:09:53
P7264530766,C-535799845,P-9531-8403,8,37623.05,2024-02-05 00:29:22
P2478342696,C-027012329,P-9417-3129,7,41174.54,2024-02-06 05:29:19
P2748815436,C-791552964,P-6184-2799,1,10186.11,2024-02-07 22:33:13
P2618089567,C-996645798,P-6229-4210,2,23036.36,2024-02-11 13:20:44
P6614363961,C-133952425,P-4191-4856,6,32267.95,2024-02-22 04:56:07
P0266941019,C-029684958,P-8626-4421,10,20617.59,2024-02-06 11:43:41
P3748841686,C-383034368,P-8732-7159,5,27988.2,2024-02-13 22:17:38
P7254454050,C-690650634,P-3272-8194,1,14004.83,2024-02-11 00:35:16
P3755017160,C-724594147,P-8302-5873,8,21434.09,2024-02-10 01:11:38
P0721747375,C-381859727,P-6721-9568,8,38283.81,2024-02-18 17:53:38
P4703160559,C-498502429,P-8217-6612,6,41825.67,2024-02-22 08:36:07
P4704018147,C-512018985,P-2966-3563,7,49182.27,2024-01-29 12:40:51
P2918431714,C-835834485,P-3105-4686,5,45715.08,2024-02-11 19:27:39
P1105474191,C-871179541,P-2038-1549,2,19514.67,2024-02-03 10:59:30
P1721350579,C-214768548,P-4592-1912,6,17069.93,2024-02-13 18:25:15
P5136454249,C-446629962,P-0737-0370,10,19402.12,2024-02-02 12:29:44
P7087919514,C-359734947,P-3195-1495,4,44896.1,2024-02-16 12:23:30
P9290008321,C-309259987,P-8348-6199,5,11883.27,2024-02-10 14:54:38
P7150089693,C-332659038,P-7623-8378,1,18015.73,2024-02-11 05:30:12
P6259412509,C-567051583,P-1070-4795,1,12714.18,2024-02-21 15:37:29
P2990616095,C-928187516,P-2351-7612,4,21097.47,2024-01-28 12:06:37
P4402510306,C-024881074,P-6681-4205,6,40386.31,2024-02-18 16:08:14
P4322247392,C-450085281,P-9840-9160,7,16335.52,2024-02-04 22:16:41
P1876744481,C-898094999,P-4761-5192,8,412.54,2024-02-22 14:42:40
P0479867915,C-521813322,P-4413-2661,2,27755.66,2024-02-19 04:12:13
P8313330932,C-661178528,P-3675-0570,7,26310.68,2024-02-10 00:03:51
P7485017144,C-179176946,P-4923-8737,8,3338.93,2024-02-01 18:21:04
P2607365012,C-620005523,P-6966-4483,5,23228.04,2024-02-05 07:18:50
P7243446464,C-424950763,P-8371-3557,7,39354.8,2024-01-30 07:16:55
P7074692022,C-944875427,P-0116-7053,6,10531.67,2024-02-11 02:54:33
P2678175725,C-693754450,P-8141-8179,10,6875.73,2024-01-31 22:29:18
P3714252867,C-989287574,P-0462-5887,1,468.21,2024-02-04 05:43:01
P0087963287,C-534124646,P-9375-9573,1,27168.09,2024-02-15 07:42:30
P9914978900,C-113880605,P-1044-8727,1,16742.2,2024-02-26 19:22:35
P9985653424,C-164765581,P-8304-2283,4,47644.33,2024-02-14 23:55:41
P3475398344,C-968416783,P-9583-9480,1,35036.85,2024-02-02 18:51:07
P1121245817,C-045743971,P-8779-3678,6,47921.43,2024-02-13 12:06:16
P3179060770,C-378260211,P-3150-8189,2,41308.63,2024-02-04 03:32:53
P0775213511,C-413876895,P-9202-1963,9,20785.42,2024-02-19 13:05:01
P8659779396,C-397567707,P-0322-6874,6,24729.81,2024-02-24 03:56:27
P7936173388,C-642649329,P-4664-7568,6,17015.1,2024-02-18 15:24:45
P4758730198,C-955735655,P-7038-6044,7,11226.24,2024-02-19 17:02:22
P9047616190,C-881735185,P-0190-1637,6,33250.02,2024-01-30 06:27:12
P7242387065,C-841778281,P-9197-9876,3,2417.83,2024-02-27 21:38:38
P4931718135,C-063667482,P-0417-6242,4,29931.83,2024-02-12 16:38:26
P3346894124,C-198772872,P-8399-1609,9,16741.65,2024-02-07 06:36:35
P6683655890,C-722497659,P-6610-4021,2,7873.69,2024-01-31 19:39:30
P8047977442,C-641520548,P-6529-1710,2,20451.23,2024-02-05 19:59:40
P1105237047,C-312475637,P-9555-7117,4,29307.99,2024-02-11 08:24:30
P4095863441,C-348884564,P-0213-8493,6,26586.62,2024-02-27 15:04:03
P4768215353,C-493011553,P-2322-8739,7,45692.53,2024-02-25 03:11:22
P6443479501,C-105786754,P-6472-4097,1,33925.99,2024-01-30 03:43:45
P8915762501,C-730049779,P-9964-7410,2,10017.88,2024-02-04 13:35:52
P6976675486,C-061271279,P-4642-7221,8,7153.49,2024-02-24 19:48:08
P8988286522,C-094069688,P-8044-8181,7,36454.79,2024-02-13 18:38:46
P7614958882,C-199945415,P-8823-9709,3,15088.83,2024-02-15 05:13:44
P8493635617,C-568506891,P-3170-9959,5,49578.85,2024-02-25 08:39:20
P2801856959,C-584468386,P-9383-5959,7,3163.54,2024-02-27 20:30:45
P3632428929,C-752624169,P-1724-0929,2,6785.93,2024-02-20 09:00:27
P3370233947,C-523405898,P-2748-3926,9,10326.28,2024-02-13 08:48:12
P6447856647,C-931582105,P-4030-0969,10,39122.33,2024-02-19 09:55:12
P1111306387,C-566382555,P-9124-3311,1,35949.12,2024-02-13 04:07:21
P2853825654,C-573743646,P-6773-8270,6,17577.46,2024-02-01 04:57:39
P9055889331,C-824995196,P-3336-7446,8,16204.15,2024-01-30 19:05:32
P4403572067,C-162368555,P-5942-5782,2,15511.59,2024-02-02 15:19:44
P5889389502,C-102184986,P-8710-5574,1,8945.81,2024-02-13 01:33:26
P1809295818,C-914910522,P-3457-4554,2,28282.39,2024-02-12 05:01:36
P2565266982,C-306686620,P-2389-3656,7,9721.84,2024-02-03 10:52:38
P5361414860,C-167475770,P-5916-5522,3,47160.72,2024-02-18 18:35:54
P5668640595,C-902499296,P-8626-8686,9,37624.04,2024-01-29 02:06:58
P0237998310,C-412579253,P-8449-9684,4,35325.37,2024-02-15 12:32:56
P4954634314,C-103261268,P-8920-0315,6,18269.75,2024-02-19 06:21:01
P2289625033,C-298843417,P-4004-8573,1,40689.32,2024-02-01 17:52:41
P0832400842,C-624882296,P-3781-9135,5,9827.5,2024-02-02 06:05:08
P2704673577,C-042285751,P-9056-3230,9,22035.43,2024-02-21 06:13:01
P3175012255,C-060102079,P-9729-1432,2,43721.49,2024-02-19 05:19:58
P0842301376,C-581997051,P-8106-0677,3,38167.03,2024-02-21 23:51:49
P1982845254,C-518093782,P-8062-7389,9,15715.76,2024-02-19 10:48:47
P4098994333,C-914362307,P-6422-2695,5,8347.37,2024-01-30 06:51:12
P9134818885,C-413733516,P-7181-2719,3,28241.89,2024-01-28 07:51:24
P5820645215,C-031549081,P-2630-6150,6,5889.36,2024-02-10 00:14:39
P2905413120,C-161549598,P-8964-1331,10,34672.8,2024-01-30 00:32:08
P2200494565,C-394493041,P-7393-9202,6,47099.61,2024-02-19 05:55:27
P6109900986,C-801185846,P-3863-1263,3,48296.47,2024-02-01 04:31:15
P9000485557,C-639706908,P-5981-3603,6,7957.5,2024-02-20 02:38:46
P5368831162,C-654136878,P-8354-7891,3,11349.68,2024-02-03 03:03:45
P7794358721,C-102058420,P-0273-6519,10,11374.62,2024-02-07 05:03:39
P0455390353,C-611822190,P-6938-7693,9,1704.71,2024-02-08 00:54:29
P2082103091,C-478459380,P-3328-0443,7,34821.42,2024-01-31 11:11:04
P0991935749,C-471143103,P-5611-7758,5,6814.88,2024-02-06 09:31:54
P5689911285,C-138897787,P-2172-3999,4,33989.14,2024-02-12 05:25:33
P2184939108,C-480586781,P-6052-6128,7,2356.15,2024-02-13 02:35:58
P5560576291,C-031603775,P-4498-0746,2,26349.36,2024-02-28 05:32:59
P7651329544,C-177958802,P-5501-5363,10,21863.71,2024-02-19 03:54:57
P9719378331,C-566317049,P-5548-7920,10,34629.37,2024-02-08 03:21:18
P1013603490,C-809910611,P-7964-5001,9,39099.85,2024-02-01 22:15:58
P5006731646,C-861118524,P-6217-1330,7,5413.81,2024-02-16 11:38:15
P7369272671,C-180622627,P-2013-1481,5,32934.89,2024-02-13 16:14:26
P9489411402,C-834073230,P-6634-4003,4,13458.97,2024-02-23 21:40:48
P1332840479,C-044343010,P-5794-7878,1,29027.79,2024-02-19 16:51:56
P7312984553,C-119676713,P-2577-2073,9,19099.55,2024-02-22 09:02:42
P9484467742,C-385277838,P-4545-7687,7,12113.31,2024-02-19 07:45:11
P9984853092,C-215364183,P-8638-5754,10,47522.56,2024-02-11 06:02:04
P8037216302,C-845061926,P-2764-4728,7,47468.46,2024-02-03 12:49:38
P0434039309,C-716921518,P-8735-7997,3,11576.49,2024-02-14 13:53:15
P1719965210,C-200470869,P-4571-6510,4,32837.55,2024-02-09 16:06:04
P4690202051,C-507369131,P-3390-3703,8,41341.5,2024-02-22 01:34:26
P0765480216,C-772262658,P-9777-7953,8,11337.22,2024-02-27 19:02:03
P2376655547,C-490163487,P-4464-2764,4,20745.84,2024-02-22 20:53:02
P4004082786,C-618715532,P-7646-5182,9,15894.96,2024-02-13 04:43:13
P1107116095,C-533202104,P-1880-2896,8,39897.45,2024-02-19 19:17:35
P6609678055,C-791621872,P-4737-4655,10,14649.25,2024-02-04 10:26:47
P3934205793,C-144887855,P-3263-5630,7,18060.72,2024-02-13 17:28:18
P0226026337,C-995117141,P-6041-5330,9,25291.87,2024-02-05 05:23:09
P9876470435,C-893226514,P-9178-9112,9,12972.86,2024-02-25 16:16:40
P1765462539,C-514741577,P-9074-4169,7,41724.24,2024-02-23 14:37:16
P4216687086,C-134716556,P-7164-9005,1,40142.16,2024-02-02 13:40:33
P0522404043,C-932807101,P-1388-3141,10,4319.02,2024-02-23 14:31:13
P0856163076,C-478694931,P-0811-6615,1,41221.72,2024-02-23 20:29:07
P8284056883,C-887284871,P-0520-2578,4,19952.07,2024-02-07 03:51:33
P2386205462,C-338661648,P-2693-3398,2,37550.04,2024-02-18 15:42:16
P3863855359,C-396120661,P-7277-1175,6,16595.17,2024-02-15 14:14:57
P4112037075,C-982096300,P-5674-8621,2,36469.32,2024-01-30 23:03:18
P0922151436,C-727074167,P-2889-9011,4,20967.85,2024-02-19 15:37:41
P2284127879,C-564131688,P-4916-7389,1,41109.73,2024-02-09 13:30:43
P7439701017,C-488750417,P-2757-5182,10,15861.99,2024-02-22 21:46:02
P9076361582,C-174086777,P-9928-0631,8,12382.96,2024-01-29 04:28:57
P3510086156,C-161679182,P-0999-8677,8,43583.91,2024-02-10 01:14:23
P2910963236,C-745222109,P-7999-3153,5,14967.97,2024-02-18 18:24:28
P7913083281,C-403044236,P-5686-3203,3,39097.42,2024-02-06 03:10:13
P1247922480,C-855315208,P-3830-9226,2,122.45,2024-01-30 03:27:58
P7484083309,C-632839825,P-5936-2392,4,49654.51,2024-02-27 10:14:23
P6352682890,C-504840929,P-2599-2422,3,23109.91,2024-02-16 16:04:59
P3314053506,C-376881500,P-9863-3940,9,22647.05,2024-01-28 04:09:10
P9452127052,C-539683777,P-1748-1830,9,37621.69,2024-01-28 04:07:10
P9265209711,C-164930997,P-6472-6452,4,38520.67,2024-02-07 19:35:32
P6572435164,C-438611976,P-0435-6730,6,27011.88,2024-02-18 02:37:23
P4609411085,C-609640986,P-5066-8514,9,31929.06,2024-02-12 02:35:11
P7089877774,C-133965277,P-9609-9931,1,22781.67,2024-02-27 23:30:26
P8390617358,C-523420317,P-9097-0913,4,32212.33,2024-01-30 06:48:11
P1573552622,C-674870277,P-2978-3370,8,15105.95,2024-02-17 16:54:22
P4397080766,C-897676121,P-7276-7612,3,28466.1,2024-01-30 22:45:44
P7573341406,C-602440532,P-6671-2448,10,14102.88,2024-02-19 15:53:03
P2605309502,C-864340881,P-0257-7366,6,47731.71,2024-02-24 21:23:28
P3307499446,C-334639117,P-5506-4141,4,45525.69,2024-02-16 08:41:16
P9885124125,C-999045285,P-0005-5164,7,49943.25,2024-02-01 19:32:03
P0875806272,C-857890741,P-0252-4239,6,13080.82,2024-02-24 02:54:53
P8983995944,C-221154090,P-4410-6821,5,41624.78,2024-02-22 13:43:03
P2814981553,C-985099405,P-7996-4420,10,29360.42,2024-02-01 11:57:07
P9835902061,C-360150493,P-8294-4020,8,42817.19,2024-02-01 01:45:13
P8689949228,C-846243937,P-8058-2823,5,29145.37,2024-02-02 22:46:06
P3005074653,C-125841209,P-5243-4300,8,41716.88,2024-02-18 15:50:43
P4155593514,C-804934609,P-1657-8328,7,41093.05,2024-02-26 17:38:58
P5001189494,C-824427926,P-9511-5441,9,3918.95,2024-02-14 16:52:37
P0092636705,C-017396765,P-4430-0862,5,37325.93,2024-02-15 03:21:22
P5849818546,C-663816412,P-0188-3211,7,11732.66,2024-02-06 07:00:27
P0194043228,C-467007812,P-6552-5655,1,49799.93,2024-02-07 08:27:57
P8920853613,C-038067852,P-5322-6889,4,12639.69,2024-01-29 07:39:23
P8097529290,C-881976076,P-9970-0311,2,9510.38,2024-02-05 07:17:33
P3908137766,C-578782322,P-6896-7261,1,23134.64,2024-02-11 14:43:04
P9981362038,C-862356935,P-8750-4137,3,40437.39,2024-01-31 13:57:32
P0089306541,C-458849530,P-6848-2623,3,15491.45,2024-02-22 11:08:07
P4311899850,C-206342855,P-0662-9791,3,23021.89,2024-02-28 13:14:33
P9399554587,C-768390984,P-7245-5604,7,44797.95,2024-02-06 16:54:42
P3641634492,C-036968292,P-2335-6467,5,16607.17,2024-02-10 19:33:05
P1457846789,C-136913741,P-9983-9787,4,32018.88,2024-02-24 10:20:30
P6410369120,C-046517597,P-3568-2702,6,45624.56,2024-02-09 14:06:57
P0859196076,C-710833353,P-0056-3451,1,16130.97,2024-02-19 16:22:57
P6260074402,C-582076322,P-8849-9318,4,10817.51,2024-02-15 23:55:06
P5375838031,C-860303579,P-5349-0469,7,34694.78,2024-02-27 07:31:46
P5845850337,C-848919183,P-5229-8158,10,15167.88,2024-02-12 22:44:17
P1438718010,C-452149531,P-2971-3886,1,10051.05,2024-02-02 00:27:34
P5401377726,C-604652853,P-3865-8554,1,45304.28,2024-01-30 03:06:14
P4598997356,C-375245173,P-0711-7798,8,6407.57,2024-02-22 12:03:03
P2150271132,C-954531235,P-0189-0265,9,21408.74,2024-02-14 22:59:04
P1503020046,C-961045211,P-8399-2517,6,6863.19,2024-01-30 09:42:54
P4501604860,C-915561682,P-4563-2697,3,40742.5,2024-02-15 18:00:44
P9908336405,C-999574765,P-0529-1686,1,40833.06,2024-02-06 10:38:15
P0013779317,C-953445606,P-8166-7890,7,23416.68,2024-02-02 21:00:11
P0901561726,C-936528894,P-5535-5266,2,1106.92,2024-02-06 07:07:48
P1937655902,C-965196444,P-9545-8254,1,21102.47,2024-02-01 14:57:54
P1954124363,C-439651250,P-2313-5549,1,46780.48,2024-02-08 13:15:03
P6865584153,C-651628213,P-8980-2351,7,43459.43,2024-02-06 13:00:13
P7626302454,C-949791297,P-4617-2768,7,31218.57,2024-02-17 18:11:45
P1609584796,C-749118584,P-8806-1750,3,27849.98,2024-02-01 14:03:03
P8614793315,C-776125666,P-1150-3904,1,35231.96,2024-01-28 22:55:21
P7312661530,C-864618664,P-1671-7020,2,35204.14,2024-02-24 12:33:05
P0019478223,C-799223787,P-6374-3858,7,1713.81,2024-02-27 07:31:42
P5082165016,C-628476663,P-3424-8004,1,1689.17,2024-02-27 23:32:27
P8584889972,C-339568312,P-3354-8773,4,17289.34,2024-02-14 08:13:56
P9837827741,C-591870596,P-1720-8326,6,41676.81,2024-02-05 20:20:23
P5973016328,C-036519138,P-0869-6160,2,16120.16,2024-01-29 18:56:03
P5578648311,C-395959348,P-0373-8002,5,17616.36,2024-02-18 11:24:32
P7326617403,C-110744583,P-9274-6535,2,4639.78,2024-02-08 12:30:23
P3187254148,C-788132013,P-4814-2231,9,20686.36,2024-02-28 04:23:01
P3908758770,C-001463250,P-3792-6729,6,13544.0,2024-02-15 21:41:00
P0880789816,C-539441454,P-5085-9897,5,23121.79,2024-01-28 04:58:11
P3059425106,C-448068663,P-8335-3366,2,1883.88,2024-02-10 07:21:26
P6598672946,C-411000668,P-8898-6441,2,3125.53,2024-02-27 05:30:33
P3182953440,C-389308077,P-2584-6926,5,9868.29,2024-02-10 13:48:50
P6811324513,C-023331141,P-3874-9190,10,21193.99,2024-02-09 05:04:53
P9835025616,C-760767259,P-7946-2602,3,32507.63,2024-02-19 11:08:14
P3898995526,C-694174587,P-4382-5431,8,30060.18,2024-02-19 10:09:10
P5187932513,C-767093731,P-4495-8508,8,45678.1,2024-02-17 19:57:20
P1371585376,C-160029459,P-7964-6136,9,10076.97,2024-02-11 09:02:51
P7228141887,C-445713891,P-2646-6812,7,390.71,2024-02-19 04:46:37
P5711438336,C-256228746,P-7431-4758,3,12670.99,2024-02-10 20:47:11
P6213288658,C-814303274,P-3408-8323,8,20363.41,2024-02-27 03:43:56
P1497160553,C-050607020,P-6435-2259,2,35451.04,2024-02-05 10:28:48
P4057949307,C-672939505,P-2002-7178,4,6908.43,2024-01-29 05:02:19
P1530057493,C-612186446,P-0907-6569,7,17092.6,2024-02-11 09:24:36
P4759091874,C-708060223,P-9664-5981,5,1314.8,2024-02-22 02:42:15
P4357464726,C-617537283,P-7052-4919,3,36026.31,2024-01-30 00:36:33
P0746960523,C-259823210,P-8415-2701,8,17844.6,2024-02-14 06:07:42
P2788403160,C-377095685,P-7678-7961,8,6420.29,2024-02-09 04:28:10
P3098161516,C-831782975,P-7737-6822,9,22853.3,2024-02-07 17:17:29
P6770681417,C-680141918,P-3621-4470,9,36859.84,2024-02-04 15:59:04
P8873745402,C-049410353,P-0708-5669,9,24355.1,2024-02-22 13:40:49
P0031132918,C-664422249,P-3561-9377,4,15916.42,2024-02-13 08:15:51
P0203586474,C-970471160,P-1799-0164,7,2898.89,2024-02-21 01:00:51
P2073533835,C-639681957,P-7358-0545,8,28838.08,2024-02-11 17:09:28
P2363269681,C-541301250,P-1709-5827,5,10361.63,2024-02-09 05:35:20
P7235439795,C-361801524,P-2231-9527,5,27411.77,2024-02-25 23:59:44
P9024256002,C-979305691,P-5726-0726,9,23132.59,2024-02-18 02:49:30
P0559365270,C-631617310,P-3692-0948,1,39467.59,2024-02-23 16:41:23
P2457285773,C-976786618,P-7898-6435,1,22576.4,2024-02-10 18:34:39
P3213829831,C-601797782,P-5483-3397,5,28643.45,2024-02-24 07:57:47
P3086536287,C-750172360,P-1533-7079,9,20937.51,2024-02-06 02:15:45
P1207868334,C-278028342,P-3199-6598,8,18868.94,2024-02-11 00:13:46
P6454743476,C-043236287,P-6294-6642,1,35247.1,2024-02-18 15:45:03
P1572381688,C-323187740,P-4505-8947,10,29012.53,2024-02-17 19:13:00
P2788422707,C-526610531,P-1521-8334,1,48195.83,2024-02-03 02:02:46
P7579557055,C-731745374,P-7689-6819,6,10645.71,2024-02-22 02:15:34
P9557271204,C-068311393,P-6575-4918,9,7217.34,2024-02-12 23:03:50
P1643543016,C-325810336,P-5113-0539,5,35823.98,2024-02-24 05:23:35
P2057621563,C-449171721,P-9330-9113,2,5079.89,2024-02-14 18:33:18
P9454527886,C-214782985,P-5327-9945,8,41830.43,2024-02-03 18:04:43
P1186030305,C-375116980,P-5915-9218,9,27827.23,2024-02-13 18:14:16
P6642035786,C-171837541,P-1703-8109,4,31405.12,2024-02-06 13:50:05
P8291966081,C-520849690,P-6826-1185,5,39578.27,2024-02-18 07:59:58
P8812410383,C-966906699,P-1118-9987,1,5724.83,2024-02-28 12:04:35
P8934702651,C-475245779,P-3093-6880,1,23256.69,2024-02-06 16:33:42
P9986287704,C-775667904,P-9373-9182,4,37856.95,2024-02-13 19:48:51
P6521202453,C-736623413,P-0937-2809,10,14540.17,2024-02-10 04:39:26
P3307654583,C-733957189,P-9541-6655,9,49650.67,2024-02-04 13:29:10
P1502837728,C-048634849,P-8007-4789,7,1366.65,2024-02-23 15:29:11
P1739028730,C-449126477,P-3372-8215,1,6462.94,2024-01-29 22:33:45
P5437470321,C-575930943,P-9611-7334,4,30488.42,2024-01-31 06:44:17
P1233945597,C-357972590,P-9477-2680,1,43359.81,2024-02-24 18:47:44
P1536397887,C-170071642,P-9043-9113,10,31411.06,2024-02-07 02:48:03
P6681345191,C-780158641,P-3302-1713,3,26279.17,2024-02-25 20:31:21
P2575044622,C-721495035,P-4710-6140,7,26486.8,2024-02-03 06:53:32
P3792293370,C-253956545,P-4757-7950,7,39587.13,2024-02-25 02:50:38
P8459487710,C-904927392,P-9083-4248,1,10695.83,2024-02-04 09:33:12
P0032445032,C-237986740,P-2714-6249,6,45274.78,2024-02-05 16:41:03
P9954856845,C-202112618,P-0933-0384,7,37164.95,2024-02-10 01:12:22
P8392900249,C-806671745,P-6273-2597,1,24240.27,2024-02-10 10:28:28
P3918351941,C-836289566,P-9255-8469,2,33417.1,2024-02-13 12:35:19
P2614686469,C-270904368,P-2539-6500,6,46022.16,2024-02-16 10:50:42
P4308444189,C-411347253,P-3309-6252,10,10174.08,2024-02-04 07:21:33
P4436208094,C-239635678,P-7711-3544,7,46050.44,2024-02-19 22:56:28
P7818370507,C-639394512,P-5271-9523,5,31277.78,2024-02-04 16:52:20
P5409436714,C-567361371,P-8639-2881,8,4935.98,2024-02-27 03:11:29
P2857719279,C-916091530,P-5039-4746,6,28503.31,2024-02-19 15:00:08
P1261962072,C-319486657,P-0826-3053,5,37450.64,2024-02-09 09:05:29
P6575809510,C-343912873,P-2639-1662,2,40247.98,2024-02-20 02:41:34
P1679656079,C-509587635,P-8123-3846,3,27008.14,2024-02-09 21:11:02
P5499450754,C-444938097,P-1270-8038,10,20331.96,2024-02-07 23:43:09
P6107813978,C-756266062,P-6891-9802,9,40368.27,2024-02-02 13:09:43
P4142530540,C-542531389,P-8950-3296,10,4450.31,2024-02-27 21:29:40
P5813300499,C-065588209,P-5141-7930,8,49231.52,2024-02-28 23:13:35
P8719072034,C-087005811,P-8833-1410,3,13282.33,2024-02-01 21:51:58
P8218265931,C-595017549,P-2057-5542,7,33888.1,2024-02-09 01:50:11
P5715953410,C-396156406,P-0810-2770,6,36419.42,2024-02-24 06:01:36
P8726156143,C-829495522,P-7787-3143,4,3152.97,2024-02-13 14:04:52
P5711313580,C-836252823,P-7773-2377,1,18041.96,2024-02-01 03:07:05
P2881963960,C-223491454,P-8581-0988,10,35377.67,2024-01-28 14:32:34
P8621829234,C-899308739,P-6204-2845,5,2274.6,2024-02-09 01:12:10
P5061180080,C-754424549,P-9162-7932,1,37008.38,2024-02-16 09:33:44
P9750233896,C-716888356,P-5717-9405,10,38532.53,2024-02-15 15:23:01
P8207455701,C-100947534,P-9755-3012,1,15781.92,2024-02-25 05:14:53
P4153856358,C-577313617,P-7817-6208,7,32950.76,2024-02-21 05:36:03
P4508765192,C-513806809,P-7282-2243,2,18437.55,2024-02-05 17:29:56
P0475710295,C-128389206,P-9971-9687,10,22702.04,2024-02-06 11:25:54
P3490522176,C-455790032,P-8966-6458,1,25032.93,2024-02-21 12:59:35
P2682428876,C-505846977,P-5254-2721,8,8164.19,2024-02-27 17:34:23
P8853360025,C-537229260,P-2358-9108,2,6936.79,2024-02-16 18:01:43
P9425360025,C-655232577,P-5310-8599,1,5551.37,2024-02-11 20:55:48
P0722025842,C-072101868,P-3011-2555,10,25991.7,2024-02-27 08:59:02
P8928050705,C-211588788,P-4662-2164,8,39187.76,2024-02-12 10:19:32
P7550189712,C-263200326,P-7433-5145,9,24237.63,2024-02-10 02:01:18
P0481156798,C-138860893,P-0812-2400,4,23601.04,2024-02-15 23:11:48
P6769400195,C-690774644,P-5184-0309,4,10745.13,2024-02-19 06:01:26
P4343557548,C-160059367,P-1292-7252,1,11191.47,2024-02-15 11:25:20
P7401219343,C-466076524,P-4780-4790,8,10049.12,2024-02-26 15:01:39
P6369674688,C-486893370,P-5433-8269,10,9501.52,2024-02-10 13:14:26
P5369884437,C-279431673,P-2941-1592,9,3275.29,2024-02-14 11:50:16
P4598658477,C-503367448,P-3780-9782,10,47624.53,2024-01-31 01:48:51
P3532941579,C-777243982,P-7279-7626,5,41347.98,2024-02-05 09:47:58
P3350312079,C-804841191,P-9175-4197,3,42576.63,2024-02-24 05:14:12
P6619680289,C-724249746,P-3730-9879,4,27755.59,2024-02-20 14:35:10
P7119416498,C-707697152,P-9208-3334,3,46873.51,2024-02-22 21:38:21
P8781711097,C-937934984,P-8591-9837,1,27250.65,2024-02-11 09:05:46
P9275473506,C-240861924,P-5295-0590,1,761.1,2024-01-31 14:00:45
P6451202293,C-504053696,P-5996-4653,6,37887.68,2024-02-13 13:17:30
P6860927252,C-205376311,P-2398-1884,4,38154.12,2024-02-03 09:21:46
P4409613372,C-433421981,P-4311-1832,4,22540.52,2024-02-04 23:51:29
P0179276340,C-566173441,P-9025-0948,7,34464.47,2024-02-04 06:05:01
P2900645948,C-219464175,P-8440-7811,10,24903.71,2024-02-20 12:37:01
P4927471983,C-039417906,P-0640-9392,7,47949.15,2024-02-13 17:54:33
P7963959011,C-174776109,P-6209-9834,10,2458.28,2024-02-13 18:44:44
P0778385236,C-034579083,P-4952-4819,2,33460.33,2024-02-13 23:30:52
P3206356992,C-720465763,P-8797-8421,7,38453.31,2024-02-04 01:27:15
P2801201776,C-734318607,P-3866-1636,8,48295.72,2024-02-13 05:41:07
P0606906697,C-333768451,P-8181-5705,1,39976.13,2024-02-05 02:51:58
P1011968687,C-127903057,P-5110-0019,6,16312.44,2024-01-28 01:50:22
P4237059691,C-014815525,P-5659-4608,10,18021.35,2024-02-04 01:12:48
P6131197667,C-974727565,P-6828-3755,9,2641.73,2024-02-28 23:59:57
P7175655313,C-549747050,P-5773-3052,8,6677.88,2024-02-14 16:00:49
P4542406010,C-269714988,P-2540-4053,7,18036.76,2024-02-26 17:48:35
P3916890249,C-417607497,P-8767-8479,10,7439.25,2024-02-16 03:35:26
P1077278165,C-544031711,P-6784-3977,3,1534.84,2024-02-02 23:26:44
P5139965682,C-800972690,P-7760-5261,8,41417.42,2024-02-03 04:29:59
P5801159546,C-958905369,P-8930-0747,1,45540.75,2024-02-09 00:49:06
P9375565330,C-843090838,P-8217-2565,8,38194.77,2024-02-24 15:37:57
P1185735555,C-851118490,P-5244-9809,5,4483.94,2024-02-24 23:23:02
P2250148031,C-951456926,P-3871-1176,5,13094.74,2024-02-05 21:30:48
P3112320080,C-473423070,P-4914-8639,9,20425.05,2024-02-13 23:10:18
P5083209233,C-955096800,P-2393-8015,8,13355.49,2024-02-18 03:05:33
P3747759602,C-126047032,P-8994-0030,2,11720.02,2024-02-12 09:53:39
P6593901040,C-813430140,P-2048-4524,7,31498.86,2024-02-25 17:48:38
P5094550657,C-313019783,P-1088-7120,3,10170.81,2024-02-03 15:12:03
P6280633240,C-595668265,P-7037-1550,4,22314.27,2024-02-13 16:02:13
P9872378723,C-301529821,P-3896-7815,10,21199.27,2024-02-10 10:55:06
P1681008132,C-102058029,P-1403-4923,3,47800.54,2024-02-03 07:25:51
P7118877730,C-820028971,P-1382-1398,5,36415.41,2024-02-27 07:56:31
P2436679303,C-993247467,P-1436-3987,2,33160.8,2024-02-05 13:31:12
P1706267561,C-364273420,P-1162-9984,2,28413.13,2024-02-09 14:51:54
P0517642048,C-391017673,P-5574-5830,5,26667.26,2024-02-26 06:13:00
P9132238025,C-634219655,P-2101-6168,10,925.48,2024-02-11 15:40:17
P4013868958,C-161657063,P-2823-8086,4,33222.17,2024-02-02 03:57:22
P4746952976,C-477114746,P-8852-7728,2,14271.9,2024-02-16 18:34:38
P4565660214,C-476341568,P-4976-1749,3,48605.15,2024-02-26 06:37:50
P3678280019,C-201188215,P-7258-1206,10,8425.05,2024-02-24 04:41:09
P9893902004,C-317371426,P-7510-4541,4,15369.0,2024-02-12 05:30:03
P5939033903,C-287938106,P-4410-5582,2,43935.36,2024-02-24 23:44:43
P0773845341,C-567798014,P-6790-7389,4,5650.26,2024-02-07 03:51:55
P0001156263,C-575094315,P-9442-4885,7,23138.11,2024-02-10 18:52:22
P5391422379,C-263494537,P-4431-8517,8,487.42,2024-02-18 13:45:22
P5793057518,C-535004872,P-9466-5266,1,41867.63,2024-01-31 05:35:06
P9821187069,C-520298894,P-1427-9843,7,6846.55,2024-02-18 20:18:43
P4322070234,C-761933277,P-1042-9985,3,31079.07,2024-02-15 19:01:34
P4533475789,C-848828683,P-6480-9560,8,35298.89,2024-02-13 00:17:50
P3631256414,C-435112145,P-0345-3765,9,42981.51,2024-02-26 18:07:53
P4470494813,C-067716609,P-5344-8325,10,22419.3,2024-02-20 12:23:54
P3340990960,C-895369159,P-9021-5761,4,7664.11,2024-02-15 17:32:02
P5014752063,C-949101490,P-3857-3119,4,45828.29,2024-02-10 06:11:52
P1842359076,C-179711043,P-1014-9213,1,15514.31,2024-02-13 16:39:04
P7374739810,C-679029581,P-9521-9622,1,466.27,2024-02-23 17:25:51
P7122941640,C-373659413,P-6226-7630,5,33854.36,2024-02-06 13:36:55
P5842524675,C-297493327,P-5138-6812,7,32036.52,2024-02-22 08:38:05
P5848457116,C-648709925,P-7782-7147,7,4866.14,2024-02-05 18:09:28
P5083139123,C-029958833,P-1152-2051,1,46247.67,2024-02-13 19:07:20
P0005702170,C-482670436,P-6884-5679,10,7823.93,2024-02-21 15:46:12
P5162223199,C-443536543,P-0812-3946,8,36295.76,2024-02-17 07:05:34
P2395547720,C-686624807,P-4926-8204,8,48428.71,2024-02-12 02:06:20
P9404362723,C-304866056,P-9502-5493,7,3978.44,2024-02-02 03:07:22
P6354510765,C-193604799,P-5638-3266,4,19814.26,2024-02-11 07:19:56
P2116637487,C-854727106,P-6474-1262,5,40070.33,2024-02-15 06:24:29
P4854122525,C-268160731,P-8131-3375,2,39164.59,2024-02-09 15:39:22
P5932102403,C-879024355,P-4614-7106,1,45488.78,2024-02-17 15:05:45
P7475390470,C-271087235,P-3398-9130,7,343.74,2024-02-14 06:05:37
P1390942851,C-793541568,P-4012-4538,9,19592.51,2024-02-19 20:21:12
P8580825261,C-848296129,P-7096-0866,3,11831.77,2024-02-16 17:31:42
P6072233649,C-730602200,P-4880-1885,3,37221.15,2024-02-28 13:10:59
P4706152283,C-307583608,P-5765-6457,9,34701.98,2024-02-15 23:46:38
P3803994908,C-628374823,P-4176-9162,7,23573.46,2024-02-22 13:54:11
P1310517606,C-583719275,P-2190-3688,5,22120.4,2024-02-15 08:25:10
P2935065073,C-079515898,P-2740-6450,5,46644.1,2024-02-20 13:00:55
P2517878696,C-763901880,P-0295-4715,8,30261.49,2024-02-04 06:44:49
P0676025792,C-893413681,P-8143-3836,7,4839.14,2024-02-11 04:11:02
P9140507226,C-600982441,P-9891-9580,3,48944.2,2024-02-04 04:25:40
P9686010097,C-218957800,P-6808-2171,3,49604.85,2024-02-21 20:19:42
P7612781881,C-190558460,P-9936-8495,5,14993.56,2024-02-04 00:59:55
P3115573387,C-141363904,P-3170-7094,6,39455.73,2024-02-26 23:47:08
P6888931333,C-560075902,P-7253-3731,7,43262.56,2024-02-28 23:00:00
P7519698785,C-384067502,P-3135-6615,3,22467.19,2024-02-08 05:49:45
P2275151587,C-410799729,P-8852-5235,9,21722.15,2024-02-01 15:10:36
P6196890669,C-504120538,P-1888-9227,4,17907.35,2024-01-28 06:51:58
P1584911168,C-718490418,P-8805-2682,9,39753.73,2024-02-28 11:20:03
P3721382071,C-289805759,P-3791-5229,6,32765.64,2024-02-01 22:02:26
P7770472470,C-090723105,P-9390-1190,3,13214.28,2024-02-26 05:04:51
P2080559690,C-742746180,P-6126-8073,6,27789.36,2024-02-01 08:35:39
P4139660516,C-028874594,P-3047-9420,6,44628.62,2024-02-27 13:32:51
P0091500992,C-580036426,P-5146-9683,10,6007.9,2024-02-05 14:44:03
P5471532996,C-048977500,P-6086-5144,5,5901.76,2024-02-25 17:05:16
P4155042817,C-348781616,P-1541-9343,9,8306.64,2024-02-12 09:17:26
P9624846798,C-155803584,P-7744-0603,7,42184.73,2024-02-17 02:29:57
P2376092693,C-454881340,P-0986-9259,9,31259.78,2024-02-07 12:13:51
P0424250497,C-064430493,P-3221-4091,6,30577.31,2024-02-14 15:08:15
P9253467521,C-807515623,P-6158-8779,2,539.69,2024-02-07 13:01:13
P8400928748,C-848862389,P-8550-4178,2,17991.16,2024-02-12 16:20:50
P3595245288,C-394830088,P-2070-9404,2,30677.9,2024-02-27 06:16:52
P6738896896,C-096958090,P-5441-2430,8,37988.92,2024-01-31 12:10:09
P4694718716,C-113397908,P-9694-9989,1,29774.39,2024-01-28 10:24:19
P9257724269,C-563936903,P-7666-0582,1,35510.14,2024-02-17 00:58:04
P5503053285,C-103650067,P-0355-2999,10,12100.1,2024-02-09 04:48:58
P5053388746,C-490182760,P-5380-0914,3,7160.82,2024-02-11 06:27:04
P4416094515,C-929553811,P-0395-0422,6,45584.71,2024-02-19 06:41:55
P7867501960,C-900952755,P-4116-5172,6,5978.92,2024-02-28 12:54:59
P3885257209,C-150852448,P-0386-4025,4,18376.37,2024-02-19 12:33:34
P7371684699,C-083431229,P-4350-6695,8,1226.87,2024-02-28 09:21:33
P2806304934,C-179110722,P-5110-8133,9,49012.81,2024-02-05 19:13:32
P3219112938,C-291436701,P-9880-8015,5,29533.78,2024-02-18 05:07:13
P6972241368,C-642621341,P-6086-9421,7,2902.68,2024-02-26 15:12:24
P5861193639,C-968997238,P-4351-4616,5,2376.32,2024-01-29 10:08:55
P1755873820,C-671995678,P-9563-6023,5,13368.4,2024-02-05 01:00:17
P5805174077,C-625237316,P-0668-5643,9,24451.91,2024-02-20 06:27:35
P8069104955,C-364306095,P-2280-3508,6,23574.53,2024-01-31 15:25:28
P8769026309,C-814838159,P-0983-4839,5,24973.79,2024-02-22 23:01:59
P0587848742,C-848843824,P-4058-9813,2,31114.8,2024-02-17 07:53:34
P6356123142,C-182608917,P-3256-2323,3,29197.74,2024-02-25 17:40:22
P4096439607,C-644358121,P-8716-6834,7,38339.87,2024-02-19 02:15:43
P1971900151,C-059605191,P-5416-0966,10,25534.99,2024-02-28 22:03:07
P4198767677,C-863939600,P-6495-1820,2,36721.99,2024-02-11 20:56:21
P6105539834,C-299802314,P-1959-1134,1,29969.27,2024-02-20 15:28:50
P4687074494,C-469034513,P-8083-4655,7,10364.3,2024-02-23 14:15:17
P2956266039,C-860128503,P-0669-7611,1,18383.97,2024-01-28 00:28:03
P5644062253,C-126974896,P-9531-9493,7,13186.57,2024-02-03 05:40:54
P8430750103,C-509604223,P-8666-1182,6,42660.24,2024-02-20 06:17:13
P6913556281,C-055301335,P-1657-3308,1,36935.7,2024-02-26 14:01:56
P0607377324,C-502901891,P-6702-2362,5,40818.56,2024-02-24 07:51:23
P6348209387,C-026888209,P-1829-6691,1,22554.97,2024-02-02 22:28:27
P1500340465,C-847296097,P-4507-0818,5,21475.92,2024-02-06 10:27:21
P8119425582,C-208793695,P-9259-1688,7,47359.48,2024-01-29 08:30:14
P0458564089,C-126089846,P-6403-9325,10,12630.52,2024-02-09 12:19:20
P9007041669,C-246867434,P-9147-8821,6,11230.21,2024-02-09 05:10:58
P1938361361,C-855643383,P-3557-4160,5,633.65,2024-02-10 06:58:17
P9430539271,C-735297466,P-8668-3484,1,13876.53,2024-02-14 09:28:16
P9618072410,C-027260323,P-3969-6234,7,10351.59,2024-02-13 05:28:16
P7560885638,C-380722488,P-8459-9475,5,10296.75,2024-02-26 03:14:26
P5316041216,C-503067258,P-9707-7218,7,22257.91,2024-02-24 23:56:19
P2558845595,C-622922610,P-8796-4313,1,7475.77,2024-02-01 01:29:09
P2768638861,C-565633859,P-3536-7796,9,31626.39,2024-02-10 13:16:50
P2210648193,C-696926171,P-8848-2461,10,27260.85,2024-02-12 12:00:33
P1610330144,C-267505098,P-5133-5579,6,28118.19,2024-02-27 12:54:49
P3898802222,C-916134557,P-4166-2503,6,49947.87,2024-02-28 19:30:50
P9578069504,C-617337046,P-8816-5365,3,26120.48,2024-01-31 00:17:33
P5640212060,C-757860568,P-8386-8901,5,23634.48,2024-02-18 05:52:09
P5447751377,C-565229245,P-4734-2927,10,10596.32,2024-02-26 02:53:16
P7607448630,C-963969065,P-1630-1873,5,7972.67,2024-02-24 09:38:41
P6018401199,C-137836492,P-0270-0067,6,35364.61,2024-02-27 00:30:17
P2048276948,C-781271624,P-4474-9456,1,38562.09,2024-02-21 07:45:16
P7934652759,C-003277607,P-1440-8166,7,9482.33,2024-02-13 18:08:00
P4825815711,C-230420613,P-4907-7105,2,17359.09,2024-02-14 12:13:15
P8424319593,C-883183242,P-8443-6920,6,2958.56,2024-02-10 09:41:00
P0353981023,C-823073179,P-4417-9701,4,7930.41,2024-02-24 06:11:00
P3656563661,C-667827942,P-0020-5919,2,46648.96,2024-02-25 02:03:20
P1799768591,C-490119643,P-2909-9742,7,24552.51,2024-02-07 21:09:02
P6930714487,C-517129177,P-1880-6402,4,19848.08,2024-02-09 16:20:05
P4652755127,C-160929382,P-2884-9944,3,34182.35,2024-02-17 18:53:45
P0921284095,C-657241240,P-1778-6135,1,12987.1,2024-02-28 06:26:18
P1648698569,C-996393607,P-6812-1399,6,21200.64,2024-02-21 02:22:45
P0570551054,C-505878579,P-2114-8585,4,48506.29,2024-02-24 07:18:34
P4578046266,C-988536269,P-6610-7101,5,36630.38,2024-02-20 10:51:05
P4666645856,C-303668338,P-1472-5580,10,32115.84,2024-02-24 00:30:46
P8919557659,C-830470712,P-9482-4831,6,6946.28,2024-02-17 06:11:25
P2540501794,C-632543448,P-4604-2642,8,29693.92,2024-02-09 10:32:49
P9294984513,C-458573274,P-6139-3164,8,9941.72,2024-01-30 14:28:32
P9070407223,C-069091832,P-4487-5535,6,49004.5,2024-02-04 21:48:50
P5649278446,C-103277403,P-6993-4209,9,26634.58,2024-02-12 08:38:23
P1285249814,C-452858963,P-8691-2363,8,38629.19,2024-02-04 18:17:19
P3901180850,C-884298756,P-9432-7232,1,11221.89,2024-02-23 07:09:23
P6897806925,C-044944182,P-4896-1925,8,17533.32,2024-02-08 12:13:06
P7244601579,C-924579060,P-2855-7973,1,21645.44,2024-02-09 21:37:53
P0290804790,C-735739073,P-2959-5019,9,2141.46,2024-02-25 19:09:23
P2693682731,C-760400825,P-6345-9526,4,23582.57,2024-02-16 20:05:29
P0142603440,C-596440639,P-1571-8807,3,12234.46,2024-02-13 06:18:33
P2764358948,C-755227732,P-4437-3410,6,38380.35,2024-02-14 05:30:02
P8727722820,C-068492584,P-6448-7915,7,33338.74,2024-01-28 18:00:26
P2587859219,C-823787956,P-1205-5966,4,48450.95,2024-02-03 20:28:28
P8573228892,C-652784102,P-9876-3753,2,7204.49,2024-02-21 20:17:18
P2888005762,C-893048047,P-5998-8533,1,49338.77,2024-02-25 20:56:17
P4279376251,C-031300792,P-9759-9984,10,38567.95,2024-01-31 03:11:31
P2268575725,C-185653069,P-8397-8223,4,20301.15,2024-02-17 17:01:32
P4202694900,C-747740714,P-6842-2931,10,45705.37,2024-02-22 05:52:13
P6816097833,C-507072175,P-1291-0016,4,12443.37,2024-02-20 14:10:18
P8374597459,C-865132890,P-4905-6342,9,22617.24,2024-02-19 04:39:23
P9750991561,C-626092249,P-3075-0083,5,21137.66,2024-02-21 05:34:04
P2370559030,C-467674117,P-9849-6171,6,1427.31,2024-02-09 14:42:57
P8548306521,C-865431146,P-8778-5874,10,6471.77,2024-02-13 01:29:00
P4769087997,C-957226643,P-9542-8961,10,16954.81,2024-02-28 19:53:09
P7045872597,C-621490714,P-3609-2491,5,31237.86,2024-01-30 15:01:22
P8145921559,C-741785765,P-7983-5989,4,3612.81,2024-02-07 17:22:05
P7068609107,C-008913836,P-9302-8323,7,24360.64,2024-02-15 02:29:27
P7031370378,C-121226180,P-4449-3492,6,11467.95,2024-02-27 17:33:55
P2748787171,C-001346316,P-6132-8181,1,12757.18,2024-02-11 05:09:50
P4822330405,C-849769114,P-9597-1149,5,21239.3,2024-02-09 05:18:52
P2419099414,C-756429543,P-7391-9012,7,33819.12,2024-02-06 14:54:24
P5130811606,C-841512125,P-5827-9052,8,20802.59,2024-02-02 02:44:27
P4712489269,C-850582207,P-3991-0031,6,42800.14,2024-02-06 15:50:33
P8319290023,C-543700207,P-8946-2306,10,40894.12,2024-01-30 04:34:14
P2807991042,C-544991195,P-3654-0076,4,22429.63,2024-02-03 04:37:06
P4494583373,C-236706251,P-2422-6970,5,11324.44,2024-02-25 09:25:51
P2963691117,C-272052147,P-9063-9595,9,40474.96,2024-01-29 01:57:17
P7741249701,C-849625342,P-3763-6419,1,43014.41,2024-02-20 22:23:49
P0582803234,C-743137653,P-1553-6354,1,41301.38,2024-02-24 19:13:54
P1621556053,C-472931346,P-4133-7770,5,32963.78,2024-02-28 03:36:13
P1773856536,C-476215355,P-5518-2026,6,45641.69,2024-01-30 17:32:29
P7545046844,C-589042437,P-6376-9386,4,3261.9,2024-02-22 10:43:54
P1840376243,C-155237650,P-5718-1609,10,15013.67,2024-02-20 02:54:33
P0634720716,C-036543714,P-1467-5428,2,45615.22,2024-02-21 23:16:37
P9807316075,C-484945289,P-1711-3248,8,9861.66,2024-02-28 05:52:43
P9827467633,C-214608392,P-4512-3631,8,17850.25,2024-01-31 17:56:37
P2675008499,C-820402520,P-2631-1634,7,32213.77,2024-02-28 02:51:13
P4189789428,C-901691521,P-5542-1002,9,721.23,2024-02-14 04:52:04
P6347896060,C-232909727,P-2769-9402,10,47654.22,2024-02-14 19:37:05
P8698757534,C-451165082,P-7511-0761,1,15875.85,2024-02-25 20:49:18
P2497535449,C-093063063,P-1899-2205,3,8078.88,2024-02-16 09:33:57
P9869155012,C-804924871,P-5962-3362,6,45276.26,2024-02-23 14:01:06
P4587378306,C-837188831,P-7324-0008,9,42454.26,2024-02-12 04:27:14
P9791081043,C-442830220,P-2463-9159,3,10821.04,2024-01-28 11:26:04
P8280631287,C-364412800,P-3907-6742,2,42187.31,2024-02-21 21:20:36
P1054206728,C-500435079,P-5899-3101,9,7333.32,2024-02-02 22:21:34
P7605423590,C-233269659,P-6253-1792,9,33938.1,2024-02-06 15:32:02
P4123320991,C-191016347,P-5864-5874,4,5713.47,2024-02-13 23:05:18
P7240095559,C-254515885,P-2497-2092,7,23789.02,2024-01-28 07:39:06
P7271279661,C-323951066,P-1453-3799,10,27112.68,2024-02-15 23:10:37
P5431296931,C-522567782,P-1997-5987,8,28680.8,2024-02-04 19:56:41
P2780355216,C-060214720,P-9172-2988,7,38115.91,2024-02-08 03:25:18
P1765939354,C-601412111,P-1675-7162,3,31865.71,2024-02-27 23:57:51
P9825659285,C-872473169,P-5371-4577,5,20105.5,2024-02-24 10:08:07
P0782037689,C-349157671,P-5321-5296,8,8171.04,2024-02-02 18:38:05
P5488313881,C-064741589,P-2626-1508,6,24301.21,2024-01-31 18:39:11
P4449505051,C-487016605,P-3585-9868,6,42149.21,2024-02-16 06:59:20
P4582015699,C-185484027,P-8835-8838,5,21051.35,2024-02-02 21:14:18
P7698400198,C-993596121,P-0047-6672,1,49572.55,2024-02-01 07:47:46
P9203038689,C-495314049,P-5925-7176,5,7157.59,2024-02-11 03:38:16
P1531903767,C-808435097,P-5836-3917,3,27111.53,2024-02-02 23:30:07
P4988927281,C-620157599,P-7336-0680,8,46113.32,2024-02-17 22:59:44
P4604555080,C-516090127,P-1222-3783,3,19189.7,2024-01-28 12:43:20
P6274671984,C-404340361,P-9538-1576,1,23735.49,2024-02-03 20:21:57
P6783981007,C-269774871,P-4228-9549,2,26210.93,2024-02-18 12:08:26
P1339122082,C-166721102,P-0771-2950,8,26486.81,2024-02-15 18:56:58
P7339470884,C-572688908,P-3490-0495,3,16974.98,2024-02-24 12:59:36
P4319438357,C-145161311,P-8352-1613,9,28079.01,2024-02-20 10:01:39
P2964960907,C-366677299,P-9908-9504,4,12525.89,2024-02-02 17:51:41
P4487364261,C-591629489,P-6115-4759,8,40880.88,2024-02-25 12:52:49
P4714822420,C-362820083,P-1749-2538,5,47208.19,2024-02-27 11:57:12
P1437008438,C-930705257,P-7550-8005,9,14267.04,2024-02-12 22:56:21
P7580064384,C-597214341,P-9245-9915,8,37586.05,2024-02-04 01:24:57
P0363572319,C-593375280,P-4397-6845,7,17039.26,2024-02-07 12:19:06
P7071662534,C-325403771,P-0843-0370,2,14660.64,2024-01-30 22:59:58
P0807758848,C-348638089,P-1558-7950,9,14878.1,2024-02-13 05:26:00
P8805712009,C-865632371,P-9152-6144,5,41762.18,2024-02-27 01:49:38
P5324465048,C-768251103,P-9720-3701,4,14365.22,2024-01-31 05:37:34
P7733180353,C-276778688,P-9095-6587,5,43457.49,2024-02-05 18:29:38
P1920798046,C-572550179,P-3201-6501,2,8257.0,2024-01-29 13:50:18
P5767833130,C-590379451,P-5138-7213,7,24748.1,2024-02-28 03:52:45
P4974909509,C-498181740,P-7398-8892,4,23670.28,2024-02-06 05:08:55
P2999192813,C-163684014,P-3582-3957,6,44373.67,2024-02-25 04:28:20
P3289667666,C-750903125,P-9768-6538,9,11431.69,2024-02-03 08:09:36
P0182136159,C-135291589,P-7400-3727,7,3253.99,2024-02-27 09:52:40
P2863653301,C-580070668,P-4145-7404,10,37103.47,2024-02-16 01:25:35
P5113130785,C-954356032,P-9037-9360,7,44247.73,2024-01-30 11:35:12
P8494852849,C-501250476,P-5177-3799,2,31212.83,2024-02-05 07:13:02
P1989238494,C-195033007,P-3093-8976,9,28477.85,2024-02-21 22:05:45
P2392546848,C-036500282,P-9261-3674,8,27919.92,2024-02-03 16:02:07
P4522988180,C-262943546,P-1252-4177,4,16717.48,2024-02-13 12:08:20
P8005479397,C-864265047,P-3143-1658,9,3293.1,2024-01-31 18:48:49
P2086334478,C-811920300,P-4896-3934,3,20148.86,2024-02-07 13:24:49
P3423350510,C-415448268,P-4741-9983,2,43699.8,2024-01-29 03:54:02
P6119230134,C-207371073,P-1481-3790,10,23828.72,2024-01-30 19:02:02
P7839208168,C-316628385,P-9927-0232,2,12499.89,2024-02-25 09:17:33
P0531701350,C-359167354,P-3378-9134,4,22856.82,2024-02-14 18:23:23
P5717697252,C-790872907,P-9143-7495,4,36985.79,2024-02-05 03:12:02
P3374698814,C-827815645,P-1364-0872,4,22325.43,2024-02-03 05:25:11
P2660247448,C-951680616,P-3994-5694,3,25977.63,2024-02-06 12:49:09
P9295140147,C-712425426,P-0358-3872,6,1399.72,2024-02-05 22:04:17
P9953157104,C-946928762,P-0175-5706,8,41383.13,2024-02-15 22:51:51
P4964497493,C-540963587,P-9944-2773,3,6502.28,2024-02-06 02:19:18
P2163548515,C-734749019,P-3035-5888,10,23708.11,2024-02-10 17:37:01
P1012846931,C-934582903,P-8776-3830,10,35645.3,2024-02-07 00:41:10
P0254658578,C-803992305,P-7623-5153,5,36432.78,2024-01-30 04:22:45
P4547849389,C-820075596,P-9851-9451,1,7940.46,2024-02-19 03:54:09
P5260379819,C-338054428,P-5710-0559,10,10421.52,2024-02-22 07:55:18
P0644859338,C-916099541,P-0185-5883,2,25532.45,2024-02-26 21:52:26
P0153375053,C-954525933,P-4066-0527,5,19128.1,2024-02-15 07:07:48
P0442213236,C-360012151,P-3416-4684,5,36835.49,2024-02-20 15:21:53
P8514616718,C-895833833,P-5269-8659,10,45567.81,2024-01-28 18:20:31
P7305892773,C-775849939,P-7616-8620,5,5501.26,2024-02-25 01:35:23
P6817801508,C-889429991,P-5523-5523,9,2483.89,2024-02-10 18:36:37
P2192943765,C-445163595,P-8620-3305,1,25323.74,2024-02-06 19:21:41
P0090551030,C-630879267,P-5782-4013,10,30242.95,2024-02-16 01:38:09
P2951353767,C-316389345,P-7774-7520,10,12201.31,2024-02-08 00:32:25
P0498705665,C-467522128,P-5072-6633,10,31746.92,2024-02-18 14:18:04
P9762285006,C-170664479,P-1763-1013,8,24255.65,2024-02-27 06:17:25
P7887125000,C-220959559,P-2772-7185,7,16670.89,2024-01-31 07:32:14
P2411495532,C-454345259,P-6752-0292,1,40374.52,2024-02-01 19:21:59
P5257309675,C-692645220,P-5031-2515,1,42880.98,2024-02-24 13:33:05
P4295474420,C-151159952,P-0263-6721,2,37543.13,2024-02-14 19:57:25
P7955392162,C-972788603,P-7111-0931,7,14661.32,2024-02-20 08:02:52
P9251860015,C-563413160,P-7137-0525,4,19695.11,2024-02-26 20:57:20
P9259677584,C-598037268,P-9567-1887,1,3295.4,2024-02-19 18:33:12
P6184694187,C-325282773,P-8777-4836,5,9413.16,2024-02-08 09:50:10
P9080659240,C-612115496,P-3064-5163,3,38092.56,2024-02-11 06:35:26
P4048871527,C-151972691,P-7257-8781,8,16522.23,2024-02-07 08:41:19
P7415128494,C-078015744,P-8563-3197,10,7018.74,2024-02-23 16:52:20
P6078240480,C-413436476,P-0272-1155,6,22712.62,2024-02-12 08:52:56
P9246452046,C-448459993,P-2405-9367,5,40595.12,2024-02-21 08:57:20
P4243665565,C-253431903,P-3952-2328,7,28467.34,2024-02-13 13:30:32
P8303507258,C-172377046,P-5858-0099,5,7902.56,2024-02-12 07:23:18
P3950348153,C-708932555,P-7636-2826,4,5731.38,2024-02-21 04:42:28
P3735666916,C-326549483,P-8562-7797,2,9166.66,2024-02-26 19:48:45
P0994907549,C-197278069,P-7751-1879,9,13594.49,2024-02-17 10:25:47
P8048906213,C-733112658,P-5905-7662,1,49135.32,2024-02-06 22:13:08
P5779532129,C-299756178,P-3490-3202,6,16467.7,2024-02-08 21:18:53
P0698995915,C-764561405,P-4147-2683,4,18811.12,2024-02-19 20:05:31
P3847808517,C-145778604,P-1327-4213,4,26448.13,2024-02-26 03:57:11
P7536276027,C-220120070,P-9175-5785,6,2896.2,2024-02-23 15:11:22
P9272059218,C-799483159,P-4234-9110,9,35992.73,2024-02-20 12:46:41
P7006353733,C-498103959,P-9219-2163,10,41592.86,2024-01-30 18:07:32
P4333020327,C-766547682,P-7003-6589,4,43452.17,2024-02-05 02:30:54
P6885270793,C-294956443,P-7704-8926,1,28657.84,2024-02-08 03:58:33
P3968711699,C-245691642,P-6933-8947,2,21776.92,2024-02-13 20:01:36
P6968155178,C-451753576,P-4234-2861,7,389.56,2024-02-17 23:54:26
P3792996007,C-069741252,P-7658-7811,7,22635.45,2024-02-12 12:27:17
P2320820725,C-634940515,P-9654-2398,10,47033.03,2024-02-18 13:05:14
P0720554515,C-670812802,P-2246-7339,2,22453.97,2024-02-15 05:12:24
P5885977052,C-813917331,P-2299-8404,2,30670.31,2024-01-29 03:20:51
P3388589947,C-463915793,P-0129-2337,10,32685.76,2024-01-30 22:22:24
P3153291893,C-344690714,P-3816-2340,8,39669.15,2024-02-20 12:53:16
P7868686841,C-754978196,P-6473-7707,9,31076.79,2024-02-11 23:20:08
P9970916623,C-839667579,P-4904-5769,1,13590.1,2024-02-27 15:28:05
P9958950020,C-797867358,P-6413-6298,9,45112.49,2024-02-27 11:23:26
P2741447779,C-222368922,P-1521-7770,10,27752.31,2024-02-03 01:02:48
P1034494786,C-137023603,P-8631-6381,8,7727.83,2024-02-27 00:37:26
P4981444994,C-645593206,P-2944-8540,9,41114.37,2024-02-08 17:35:22
P3833489478,C-064156102,P-8078-4473,4,41861.85,2024-02-03 15:05:02
P4546638952,C-339067089,P-3904-8883,5,10066.38,2024-02-11 14:23:33
P1494269889,C-863689826,P-9915-6983,5,30265.73,2024-02-22 01:17:31
P1968889708,C-437091097,P-1400-1960,7,35266.91,2024-02-19 17:28:37
P0017504890,C-872861092,P-1062-5462,10,8815.4,2024-01-28 12:50:41
P3198997365,C-941146535,P-9142-3783,2,7912.39,2024-02-04 05:03:47
P9390959196,C-285031939,P-2258-6645,1,12569.64,2024-02-27 03:38:30
P3436562918,C-829851625,P-6865-1956,4,9355.54,2024-02-02 22:15:18
P2414976167,C-869417397,P-1416-6985,6,15296.42,2024-02-18 06:27:41
P9492185896,C-533962969,P-0399-8074,4,43276.28,2024-02-17 01:26:12
P0859624531,C-927900750,P-8372-3614,8,24745.04,2024-02-22 10:28:02
P1977714355,C-508402291,P-6155-2727,9,45366.12,2024-02-14 14:17:25
P6205241135,C-039738038,P-8554-3104,2,24427.22,2024-02-07 23:58:48
